parameter_name,symbol,value_or_range,unit,time_scale,noise_type,hardware_or_system,source_url,page_or_section,evidence_status,intended_use,limitations
stereo_resolution,"W,H","1024,1024",pixel,per_frame,not_applicable,LuSNAR stereo camera,https://github.com/zqyu9/LuSNAR-dataset,README Sensor Specifications,source_supported_value,Unreal MVP candidate camera preset,Official README checked; arXiv PDF unavailable in this environment; Interface reference only; real lunar hardware/environment applicability is unknown
stereo_frame_rate,f_cam,10,Hz,0.1 s sample interval,not_reported,LuSNAR stereo camera,https://github.com/zqyu9/LuSNAR-dataset,README Sensor Specifications,source_supported_value,Unreal MVP output frequency,Simulation setting; not a lunar flight hardware requirement; Interface reference only; real lunar hardware/environment applicability is unknown
stereo_baseline,B,0.310,m,static,not_applicable,LuSNAR stereo camera,https://github.com/zqyu9/LuSNAR-dataset,README Sensor Specifications,converted_from_source_value,Optional compatibility preset,README reports 310 mm; converted to metres
camera_field_of_view,FOV,80 x 80,degree,static,not_applicable,LuSNAR stereo camera,https://github.com/zqyu9/LuSNAR-dataset,README Dataset Statistics,source_supported_value,Optional compatibility preset,Projection convention and distortion remain to be checked from data/calibration; Interface reference only; real lunar hardware/environment applicability is unknown
camera_focal_length,f,610.17784,pixel,static,not_applicable,LuSNAR stereo camera,https://github.com/zqyu9/LuSNAR-dataset,README Sensor Specifications,source_supported_value,Optional compatibility preset,Principal point and distortion are not reported in the checked README; Interface reference only; real lunar hardware/environment applicability is unknown
lidar_channels,N_ring,128,channel,per_scan,not_reported,LuSNAR spinning LiDAR,https://github.com/zqyu9/LuSNAR-dataset,README Sensor Specifications,source_supported_value,Unreal MVP candidate LiDAR preset,Per-point ring field is not listed in the checked data format; Interface reference only; real lunar hardware/environment applicability is unknown
lidar_scan_rate,f_lidar,10,Hz,0.1 s scan interval,not_reported,LuSNAR spinning LiDAR,https://github.com/zqyu9/LuSNAR-dataset,README Sensor Specifications,source_supported_value,Unreal MVP output frequency,Per-point timing is not reported; Interface reference only; real lunar hardware/environment applicability is unknown
lidar_horizontal_fov,FOV_h,360,degree,static,not_applicable,LuSNAR spinning LiDAR,https://github.com/zqyu9/LuSNAR-dataset,README Sensor Specifications,source_supported_value,Unreal MVP candidate preset,Azimuth start and rotation direction are not reported; Interface reference only; real lunar hardware/environment applicability is unknown
lidar_vertical_fov,FOV_v,-25 to +27,degree,static,not_applicable,LuSNAR spinning LiDAR,https://github.com/zqyu9/LuSNAR-dataset,README Sensor Specifications,source_supported_value,Unreal MVP candidate preset,Beam elevation table is not reported; Interface reference only; real lunar hardware/environment applicability is unknown
lidar_max_range,R_max,30,m,per_return,not_reported,LuSNAR spinning LiDAR,https://github.com/zqyu9/LuSNAR-dataset,README Sensor Specifications,source_supported_upper_bound,Unreal MVP candidate preset,README reports <=30 m; minimum range and dropout model unreported; Interface reference only; real lunar hardware/environment applicability is unknown
imu_frame_rate,f_imu,100,Hz,0.01 s sample interval,not_reported,LuSNAR IMU,https://github.com/zqyu9/LuSNAR-dataset,README Sensor Specifications,source_supported_value,Unreal MVP output frequency,Timestamp and synchronization implementation require sample audit; Interface reference only; real lunar hardware/environment applicability is unknown
accelerometer_random_walk,not_standardized,0.002353596,m/s^3 sqrt(Hz),not_reported,as_reported_but_noise_type_unclear,LuSNAR IMU,https://github.com/zqyu9/LuSNAR-dataset,README Sensor Specifications,source_value_unit_requires_clarification,Do not use until clarified,README unit is unusual; no conversion attempted
gyroscope_random_walk,not_standardized,0.000087266462,rad/s sqrt(Hz),not_reported,as_reported_but_noise_type_unclear,LuSNAR IMU,https://github.com/zqyu9/LuSNAR-dataset,README Sensor Specifications,source_value_unit_requires_clarification,Do not use until clarified,Noise convention and discretization are unreported
lunar_pseudorange_error,sigma_rho,not_reported,m,not_reported,not_reported,lunar navigation service,https://doi.org/10.33012/navi.710,full_text_not_accessible,evidence_missing,Future external pseudorange generator,Specified paper studies Doppler by title; do not transfer its result to pseudorange
lunar_doppler_error,sigma_D,not_reported,Hz or m/s,not_reported,not_reported,Endurance single-satellite navigation,https://doi.org/10.33012/navi.710,full_text_not_accessible,evidence_missing,Future Doppler comparison only,Must not be used as pseudorange sigma
receiver_clock_allan_deviation,sigma_y_tau,not_reported,dimensionless,not_reported,not_reported,lunar surface receiver,https://doi.org/10.33012/navi.710,full_text_not_accessible,evidence_missing,Clock-process calibration,No Allan-to-process conversion possible without noise type and averaging time
receiver_clock_bias_process,q_b,not_reported,m^2/s,not_reported,not_reported,lunar surface receiver,https://doi.org/10.33012/navi.710,full_text_not_accessible,evidence_missing,Clock bias process model,Repository sensitivity value remains unsupported
receiver_clock_drift_process,q_d,not_reported,m^2/s^3,not_reported,not_reported,lunar surface receiver,https://doi.org/10.33012/navi.710,full_text_not_accessible,evidence_missing,Clock drift process model,Repository sensitivity value remains unsupported
satellite_ephemeris_error,sigma_eph,not_reported,m,not_reported,not_reported,lunar navigation satellite,https://doi.org/10.33012/navi.710,full_text_not_accessible,evidence_missing,External observation generator,No value substituted
satellite_clock_error,sigma_sat_clk,not_reported,m or s,not_reported,not_reported,lunar navigation satellite,https://doi.org/10.33012/navi.710,full_text_not_accessible,evidence_missing,External observation generator,No value substituted
DUST_sensor_configuration,not_reported,not_reported,not_reported,not_reported,not_reported,DUST Unreal tool,https://ntrs.nasa.gov/api/citations/20220014707/downloads/DUST_IEEE2023Paper.pdf,full_text_not_accessible,evidence_missing,Compare with Unreal MVP,Do not claim DUST compatibility until PDF is checked
S3LI_sensor_configuration,not_reported,not_reported,not_reported,not_reported,not_reported,S3LI planetary dataset,https://arxiv.org/abs/2207.06815,full_text_not_accessible,evidence_missing,Future real-data adapter,No sensor field or rate inferred from title
S3LI_Vulcano_configuration,not_reported,not_reported,not_reported,not_reported,not_reported,S3LI Vulcano dataset,https://arxiv.org/abs/2601.19557,full_text_not_accessible,evidence_missing,Future real-data adapter,Version relationship and fields remain unverified
